﻿GameName,EnglishName,SupportPlatforms,Developer,Publisher,pc,ChineseVersion1,ps4,ChineseVersion2,ps5,ChineseVersion3,xbox one,ChineseVersion4,xbox serious,ChineseVersion5,switch,ChineseVersion6,3ds,ChineseVersion7,psv,ChineseVersion8
太鼓达人 Wii U,太鼓の達人 Wii Uば～じょん！,"wiiu, ",Bandai Namco,Bandai Namco,,,,,,,,,,,,,,,,
Q立方,Q.U.B.E,"ps4, xb1, pc, wiiu, ",Toxic Games,Grip Games,2011-12-16,false,2011-12-16,false,,,,,,,,,,,,
机动战士高达战记U.C.0081,機動戦士ガンダム戦記 MOBILE SUIT GUNDAM BATTLEFIELD RECORD U.C.0081,"ps3, ",Bandai Namco,Bandai Namco,,,,,,,,,,,,,,,,
海豹突击队3,SOCOM 3: U.S. Navy SEALs,"ps2, ",Zipper Interactive,Sony Interactive Entertainment,,,,,,,,,,,,,,,,
怪物猎人：边境G6,Monster Hunter: Frontier G6,"pc, wiiu, psv, ps3, x360, ",CAPCOM,CAPCOM,2014-11-19,false,,,,,,,,,,,,,2014-11-19,false
怪物猎人4G,モンスターハンター 4G,"3ds, ",CAPCOM,CAPCOM,,,,,,,,,,,,,2014-10-11,false,,
怪物猎人：边境G5,Monster Hunter: Frontier G5,"pc, wiiu, psv, ps3, x360, ",CAPCOM,CAPCOM,2014-07-23,false,,,,,,,,,,,,,2014-07-23,false
怪物猎人：边境G Genuine,Monster Hunter: Frontier G Genuine,"pc, wiiu, psv, ps3, x360, ",CAPCOM,CAPCOM,2014-04-23,false,,,,,,,,,,,,,2014-04-23,false
怪物猎人：边境G,Monster Hunter: Frontier G,"pc, wiiu, psv, ps3, x360, ",CAPCOM,CAPCOM,2013-12-11,false,,,,,,,,,,,,,2013-12-11,false
怪物猎人3G,モンスターハンター 3G,"wiiu, 3ds, ",CAPCOM,CAPCOM,,,,,,,,,,,,,2011-12-10,false,,
怪物猎人日记 暖洋洋的猫猫村G,モンハン日记 ぽかぽかアイルー村G,"psp, ",CAPCOM,CAPCOM,,,,,,,,,,,,,,,,
怪物猎人G,モンスターハンターG,"wii, ",CAPCOM,CAPCOM,,,,,,,,,,,,,,,,
.hack//G.U. Last Recode,,"ps4, pc, ",CyberConnect2,Bandai Namco,2017-11-01,false,2017-11-01,false,,,,,,,,,,,,
.hack//G.U. Vol.3 漫步之速,.hack//G.U. Vol.3 歩くような速さで ,"ps2, ",CyberConnect2,Bandai Namco,,,,,,,,,,,,,,,,
.hack//G.U. Vol.1 再生,.hack//G.U. Vol.1 再誕,"ps2, ",CyberConnect2,Bandai Namco,,,,,,,,,,,,,,,,
爆破方块U!,BrickBlast U!,"wiiu, ",Nexis Games,Nexis Games,,,,,,,,,,,,,,,,
.hack//Link,.hack//Link,"psp, ",CyberConnect2,Bandai Namco,,,,,,,,,,,,,,,,
新超级马力欧兄弟U 豪华版,New Super Mario Bros. U Deluxe,"ns, ",Nintendo,Nintendo,,,,,,,,,,,,,,,,
最后生还者 第二部,The Last of Us Part II,"ps4, ",Naughty Dog,Sony Interactive Entertainment,,,最早发售 2020-06-19,true,,,,,,,,,,,,
Wii Fit U,Wii Fit U,"wiiu, ",Ganbarion,Nintendo,,,,,,,,,,,,,,,,
黑客网络,Hacknet,"pc, ",Team Fractal Alligator,Surprise Attack,2015-08-13,false,,,,,,,,,,,,,,
班特利的背包,Bentley's Hackpack,"psv, ps3, ",Sanzaru Games,Sony Interactive Entertainment,,,,,,,,,,,,,,,2013-02-05,false
恶魔召唤师：灵魂黑客,Shin Megami Tensei: Devil Summoner: Soul Hackers,"3ds, ",Atlus,Atlus,,,,,,,,,,,,,2012-08-30,false,,
.hack//versus,,"ps3, ",CyberConnect2,Bandai Namco,,,,,,,,,,,,,,,,
少女巡航机G,オトメディウスG,"x360, ",Konami,Konami,,,,,,,,,,,,,,,,
怪物猎人 携带版 2nd G,モンスターハンターポータブル 2nd G,"psp, ",CAPCOM,CAPCOM,,,,,,,,,,,,,,,,
高达 真冒险谭 失落的G之传说,ガンダムトゥルーオデッセイ 〜失われしGの伝説〜,"ps2, ",Bandai Namco,Bandai Namco,,,,,,,,,,,,,,,,
SD高达G世纪DS,SDガンダム Gジェネレーション DS,"nds, ",Vanguard Games,Bandai Namco,,,,,,,,,,,,,,,,
超重力赛车,Radial-G : Racing Revolved,"ps4, ",Tammeka Games,Tammeka Games,,,最早发售 2016-冬季,false,,,,,,,,,,,,
SD高达G世纪 火线纵横,SDガンダム ジージェネレーション クロスレイズ,"ns, ps4, ",Bandai Namco,Bandai Namco,,,最早发售 2019-11-28,true,,,,,,,,,,,,
方根书简 Last Answer,√Letter ルートレター Last Answer,"ns, ps4, pc, ",Kadokawa Games,Kadokawa Games,最早发售 2019-09-03,true,最早发售 2018-12-20,true,,,,,,,,,,,,
活至最后,Last man standing,"pc, ",Free Reign Entertainment,Free Reign Entertainment,2016-12-22,false,,,,,,,,,,,,,,
最后的守护者,The Last Guardian,"ps4, ",genDESIGN,Sony Interactive Entertainment,,,2016-12-06,false,,,,,,,,,,,,
命运九重奏：LAST ERA,NORN9: Last Era,"psv, ",Otomate,Idea Factory,,,,,,,,,,,,,,,2015-03-19,false
北极冒险,The Last Inua,"pc, ",Glowforth,Wired Productions,2014-12-11,false,,,,,,,,,,,,,,
地铁：最后的曙光 回归,Metro: Last Light Redux,"ns, ps4, xb1, pc, ps3, ",4A Games,Deep Silver,最早发售 2014-08-26,false,最早发售 2014-08-26,false,,,,,,,,,,,,
Hackers,,"ios, ",Trickster Arts,Trickster Arts,,,,,,,,,,,,,,,,
hackmud,,"pc, ",Drizzly Bear,Drizzly Bear,最早发售 2016-09-22,false,,,,,,,,,,,,,,
方块跌落U,Blok Drop U,"wiiu, ",RCMADIAX,RCMADIAX,,,,,,,,,,,,,,,,
Wii 派对 U,Wii Party U,"wiiu, ",Nd Cube,Nintendo,,,,,,,,,,,,,,,,
新超级路易吉U,New Super Luigi U,"wiiu, ",Nintendo,Nintendo,,,,,,,,,,,,,,,,
轰隆隆口袋妖怪U,Pokémon Rumble U,"wiiu, ",Ambrella,Nintendo,,,,,,,,,,,,,,,,
新超级马里奥兄弟U,New Super Mario Bros. U,"wiiu, ",Nintendo,Nintendo,,,,,,,,,,,,,,,,
SD高达G世纪3D,SD Gundam G Generation 3D,"3ds, ",Bandai Namco,Bandai Namco,,,,,,,,,,,,,2011-12-22,false,,
偶像宝贝,I Doll U,"psv, ",Otomate,Idea Factory,,,,,,,,,,,,,,,2015-07-16,false
任天堂明星大乱斗Wii U,Super Smash Bros. for Wii U,"wiiu, ",Sora,Nintendo,,,,,,,,,,,,,,,,
时空箭头,Arrow Time U,"wiiu, ",XenoHorizon,XenoHorizon,,,,,,,,,,,,,,,,
超次元动作 海王星U,超次元アクション ネプテュ-ヌU,"pc, psv, ",Tamsoft,Compile Heart,2014-08-28,false,,,,,,,,,,,,,2014-08-28,false
最后生还者 重制版,The Last of Us Remastered,"ps4, ",Naughty Dog,Sony Interactive Entertainment,,,最早发售 2014-07-29,true,,,,,,,,,,,,
背水一战,ZaciSa's Last Stand,"wiiu, ",ZeNfA Productions,ZeNfA Productions,,,,,,,,,,,,,,,,
最后生还者,THE LAST OF US,"ps3, ",Naughty Dog,Sony Interactive Entertainment,,,,,,,,,,,,,,,,
地铁 最后的曙光,Metro: Last Light,"pc, ps3, x360, ",Deep Silver,Deep Silver,2013-05-14,false,,,,,,,,,,,,,,
最后的木头,Last Wood,"pc, ",Just Us GameLab,Just Us GameLab,最早发售 2019-08-23,true,,,,,,,,,,,,,,
去年 噩梦,Last Year: The Nightmare,"pc, ",Elastic Games,Elastic Games,最早发售 2018-12-18,false,,,,,,,,,,,,,,
万民四末,Four Last Things,"pc, ",Joe Richardson,Joe Richardson,最早发售 2017-02-23,false,,,,,,,,,,,,,,
最后的篝火,The Last Campfire,"ns, ps4, xb1, ",Hello Games,Hello Games,,,最早发售 2020-08-27,true,,,,,,,,,,,,
最后的咒语,The Last Spell,"pc, ",Ishtar Games,Gamera Game,最早发售 2021-06-03,true,,,,,,,,,,,,,,
爱上火车Last Run!!,まいてつ Last Run!!,"pc, ",Lose,Lose,最早发售 2020-10-30,true,,,,,,,,,,,,,,
英雄萨姆VR：背水一战,Serious Sam VR: The Last Hope,"pc, ",Croteam,Devolver Digital,最早发售 2017-09-20,false,,,,,,,,,,,,,,
最后人类的水下历险,The Aquatic Adventure of the Last Human,"ns, xb1, ",YCJY Games,YCJY Games,,,,,,,,,,,,,,,,
SD高达G世纪 世界,SDガンダム ジージェネレーション ワールド,"wii, psp, ",Bandai Namco,Bandai Namco,,,,,,,,,,,,,,,,
SD高达G世纪 战争,SDガンダム ジージェネレーション ウォーズ,"wii, ps2, ",Bandai Namco,Bandai Namco,,,,,,,,,,,,,,,,
SD高达G世纪 战魂,SDガンダム GGENERATION SPIRITS,"ps2, ",Tom Create,Bandai Namco,,,,,,,,,,,,,,,,
SD高达G世纪 交叉推进,SDガンダム GGENERATION CROSS DRIVE,"nds, ",Bandai Namco,Bandai Namco,,,,,,,,,,,,,,,,
SD高达G世纪 携带版,SDガンダム GGENERATION PORTABLE,"psp, ",Bandai Namco,Bandai Namco,,,,,,,,,,,,,,,,
特种部队：封锁行动,G.I. Joe: Operation Blackout,"ns, ps4, xb1, ",IguanaBee,Maximum Games,,,最早发售 2020-10-13,false,,,,,,,,,,,,
基因特工,G2 Fighter,"pc, ",Orbit Games,HeyBox Interactive,最早发售 2019-08-28,true,,,,,,,,,,,,,,
铳墓 GORE,Gungrave G.O.R.E,"xsx|s, ps5, ps4, xb1, ",Iggymob,Prime Matter,,,最早发售 2022,false,最早发售 2022,false,,,,,,,,,,
叛逆机械师,Iconoclasts,"ns, ps4, pc, psv, ",Joakim Sandberg,Bifrost Entertainment,2018-01-23,false,2018-01-23,false,,,,,,,,,,,2018-01-23,false
猩球崛起 最后防线,Planet of the Apes: Last Frontier,"ps4, xb1, pc, ",Imaginati Studios,Imaginati Studios,2017-11-21,false,2017-11-21,false,,,,,,,,,,,,
超惑星战记ZERO,Blaster Master ZERO,"ns, 3ds, ",Inti Creates,Inti Creates,,,,,,,,,,,,,2017-03-03,false,,
银河战士：爆炸球,Metroid Prime: Blast Ball,"3ds, ",Next Level Games,Nintendo,,,,,,,,,,,,,2016-07-21,false,,
逃生2,Outlast 2,"ns, ps4, xb1, ",Red Barrels,Red Barrels,,,最早发售 2017-04-25,true,,,,,,,,,,,,
最后的门,The Last Door,"ns, ps4, xb1, ",The Game Kitchen,Phoenix Online Publishing,,,最早发售 2019-05-22,false,,,,,,,,,,,,
最后一夜,The Last Night,"xb1, pc, ",Odd Tales,Odd Tales,角色扮演,false,,,,,,,,,,,,,,
六月衷曲,Last Day of June,"ps4, pc, ",冒险,Ovosonico,2017-08-31,false,2017-08-31,false,,,,,,,,,,,,
U单词史密斯,uWordSmith,"wiiu, ",CHUDCHUD Industries,CHUDCHUD Industries,,,,,,,,,,,,,,,,
僵尸U,ZombiU,"wiiu, ",Ubisoft,Ubisoft,,,,,,,,,,,,,,,,
海豹突击队 对峙,SOCOM: U.S. Navy SEALs Confrontation,"ps3, ",Slant Six Games,Sony Interactive Entertainment,,,,,,,,,,,,,,,,
英雄学院 盗贼的救赎,Hero-U：Rogue to Redemption,"pc, ",Transolar Games,Transolar Games,最早发售 2018-07-10,false,,,,,,,,,,,,,,
幽铃热线,1f y0u're a gh0st ca11 me here!,"pc, ",フロシキラボ,WhisperGames,最早发售 2021-秋季,true,,,,,,,,,,,,,,
SD高达G世纪 起源,SDガンダム ジージェネレーション ジェネシス,"ns, ps4, psv, ",Tom Create,Bandai Namco,,,2016-11-22,false,,,,,,,,,,,2016-11-22,false
勇者有点太嚣张G,No Heroes Allowed: No puzzles Either!,"psv, ",Acquire,Sony Interactive Entertainment,,,,,,,,,,,,,,,2013-12-26,false
SD高达G世纪 超世界,SDガンダム ジージェネレーション オーバーワールド,"psp, ",策略,Bandai Namco,,,,,,,,,,,,,,,,
爆裂狂兔,Blast'Em Bunnies,"ps4, xb1, psv, 3ds, ",Nnooo,Nnooo,,,2016-03-08,false,,,,,,,,,2016-03-08,false,2016-03-08,false
Nirto+爆破者：少女们的无尽决斗,Nitro+ Blasterz: Hiroines Infinity Duel,"ps4, pc, ps3, ",格斗,Nitro+,2015-12-10,false,2015-12-10,false,,,,,,,,,,,,
迪默 最终演奏,Deemo: Last Recital,"ns, psv, ",雷亚游戏,Sony Interactive Entertainment,,,,,,,,,,,,,,,2015-06-24,false
死或生5 最终回合,Dead or Alive 5 Last Round,"ps4, xb1, pc, ps3, x360, ",Koei Tecmo,Koei Tecmo,2015-02-17,false,2015-02-17,false,,,,,,,,,,,,
逃生,Outlast,"ns, ps4, xb1, pc, ",Red Barrels,Red Barrels,2014-02-05,false,2014-02-05,false,,,,,,,,,,,,
极限脱出ADV：善人死亡,Zero Escape: Virtue's Last Reward,"psv, 3ds, ",Chunsoft,Chunsoft,,,,,,,,,,,,,2012-02-16,false,2012-02-16,false
星之海洋4 国际版,スターオーシャン-THE LAST HOPE- INTERNATIONAL,"ps3, ",tri-Ace,Square Enix,,,,,,,,,,,,,,,,
功夫玩偶,Rag Doll Kung Fu: Fists of Plastic,"ps3, ",Tarsier Studios,Sony Interactive Entertainment,,,,,,,,,,,,,,,,
星之海洋4 最后的希望,スターオーシャン4　THE LAST HOPE,"x360, ",tri-Ace,Square Enix,,,,,,,,,,,,,,,,
装甲核心 最后的佣兵,Armored Core: Last Raven,"psp, ps2, ",FromSoftware,FromSoftware,,,,,,,,,,,,,,,,
夺宝奇兵3：圣战奇兵,Indiana Jones and the Last Crusade: The Graphic Adventure,"pc, ",Lucasfilm Games,Lucasfilm Games,最早发售 1989-07,false,,,,,,,,,,,,,,
Last Stop,,"xsx|s, ps5, ns, ps4, xb1, ",Variable State,Annapurna Interactive,,,最早发售 2021-07-22,true,最早发售 2021-07-22,true,,,,,,,,,,
愤怒的小鸟 爆破,Angry Birds Blast!,"ios, ",Rovio Entertainment,Rovio Entertainment,,,,,,,,,,,,,,,,
最后的神迹 重制版,THE LAST REMNANT Remastered,"ns, ",Square Enix,Square Enix,,,,,,,,,,,,,,,,
虫虫寓言：永恒的树苗,Bug Fables: The Everlasting Sapling,"ns, ps4, xb1, ",Moonsprout Games,DANGEN Entertainment,,,最早发售 2020-05-28,false,,,,,,,,,,,,
最末行程：胜利路19号,Last Journey: 19 Shengli Road,"pc, ",quan_home,quan_home,最早发售 2021-08-23,true,,,,,,,,,,,,,,
逃生 审判,The Outlast Trials,"pc, ",Red Barrels,Red Barrels,最早发售 2021,false,,,,,,,,,,,,,,
